--
-- PostgreSQL database dump
--

-- Dumped from database version 17.5
-- Dumped by pg_dump version 17.5

SET statement_timeout = 0;
SET lock_timeout = 0;
SET idle_in_transaction_session_timeout = 0;
SET transaction_timeout = 0;
SET client_encoding = 'UTF8';
SET standard_conforming_strings = on;
SELECT pg_catalog.set_config('search_path', '', false);
SET check_function_bodies = false;
SET xmloption = content;
SET client_min_messages = warning;
SET row_security = off;

--
-- Name: ems; Type: SCHEMA; Schema: -; Owner: postgres
--

CREATE SCHEMA ems;


ALTER SCHEMA ems OWNER TO postgres;

SET default_tablespace = '';

SET default_table_access_method = heap;

--
-- Name: conversation_tickets; Type: TABLE; Schema: ems; Owner: postgres
--

CREATE TABLE ems.conversation_tickets (
    id bigint NOT NULL,
    date character varying(255),
    message character varying(255),
    sender character varying(255),
    ticket_id bigint
);


ALTER TABLE ems.conversation_tickets OWNER TO postgres;

--
-- Name: conversation_tickets_id_seq; Type: SEQUENCE; Schema: ems; Owner: postgres
--

ALTER TABLE ems.conversation_tickets ALTER COLUMN id ADD GENERATED BY DEFAULT AS IDENTITY (
    SEQUENCE NAME ems.conversation_tickets_id_seq
    START WITH 1
    INCREMENT BY 1
    NO MINVALUE
    NO MAXVALUE
    CACHE 1
);


--
-- Name: employee; Type: TABLE; Schema: ems; Owner: postgres
--

CREATE TABLE ems.employee (
    id bigint NOT NULL,
    email character varying(255),
    name character varying(255) NOT NULL,
    phone_number character varying(10),
    employee_team_id bigint,
    department character varying(255) NOT NULL,
    join_date character varying(255) NOT NULL,
    password character varying(255) NOT NULL,
    "position" character varying(255) NOT NULL,
    role character varying(255) NOT NULL,
    skills character varying(255)[],
    version integer
);


ALTER TABLE ems.employee OWNER TO postgres;

--
-- Name: employee_team; Type: TABLE; Schema: ems; Owner: postgres
--

CREATE TABLE ems.employee_team (
    team_id bigint NOT NULL,
    team_name character varying(255),
    team_description character varying(255)
);


ALTER TABLE ems.employee_team OWNER TO postgres;

--
-- Name: employeeid_teamsid; Type: TABLE; Schema: ems; Owner: postgres
--

CREATE TABLE ems.employeeid_teamsid (
    team_id bigint NOT NULL,
    employee_id bigint NOT NULL
);


ALTER TABLE ems.employeeid_teamsid OWNER TO postgres;

--
-- Name: projects; Type: TABLE; Schema: ems; Owner: postgres
--

CREATE TABLE ems.projects (
    id bigint NOT NULL,
    budget character varying(255),
    client_address character varying(255),
    client_contact character varying(255),
    client_email character varying(255),
    client_name character varying(255),
    client_website character varying(255),
    project_description character varying(255),
    end_date character varying(255),
    project_name character varying(255) NOT NULL,
    project_manager character varying(255),
    status character varying(255) NOT NULL,
    team_id bigint
);


ALTER TABLE ems.projects OWNER TO postgres;

--
-- Name: projects_id_seq; Type: SEQUENCE; Schema: ems; Owner: postgres
--

ALTER TABLE ems.projects ALTER COLUMN id ADD GENERATED BY DEFAULT AS IDENTITY (
    SEQUENCE NAME ems.projects_id_seq
    START WITH 1
    INCREMENT BY 1
    NO MINVALUE
    NO MAXVALUE
    CACHE 1
);


--
-- Name: registration; Type: TABLE; Schema: ems; Owner: postgres
--

CREATE TABLE ems.registration (
    id bigint NOT NULL,
    password character varying(255),
    role character varying(255),
    username character varying(255)
);


ALTER TABLE ems.registration OWNER TO postgres;

--
-- Name: registration_id_seq; Type: SEQUENCE; Schema: ems; Owner: postgres
--

ALTER TABLE ems.registration ALTER COLUMN id ADD GENERATED BY DEFAULT AS IDENTITY (
    SEQUENCE NAME ems.registration_id_seq
    START WITH 1
    INCREMENT BY 1
    NO MINVALUE
    NO MAXVALUE
    CACHE 1
);


--
-- Name: tickets; Type: TABLE; Schema: ems; Owner: postgres
--

CREATE TABLE ems.tickets (
    id bigint NOT NULL,
    date_updated character varying(255),
    date_created character varying(255),
    ticket_description character varying(255),
    ticket_name character varying(255),
    ticket_status character varying(255),
    employee_id bigint
);


ALTER TABLE ems.tickets OWNER TO postgres;

--
-- Name: tickets_id_seq; Type: SEQUENCE; Schema: ems; Owner: postgres
--

ALTER TABLE ems.tickets ALTER COLUMN id ADD GENERATED BY DEFAULT AS IDENTITY (
    SEQUENCE NAME ems.tickets_id_seq
    START WITH 1
    INCREMENT BY 1
    NO MINVALUE
    NO MAXVALUE
    CACHE 1
);


--
-- Name: achivement_seq; Type: SEQUENCE; Schema: public; Owner: postgres
--

CREATE SEQUENCE public.achivement_seq
    START WITH 1
    INCREMENT BY 1
    NO MINVALUE
    NO MAXVALUE
    CACHE 1;


ALTER SEQUENCE public.achivement_seq OWNER TO postgres;

--
-- Name: achivement_seq1; Type: SEQUENCE; Schema: public; Owner: postgres
--

CREATE SEQUENCE public.achivement_seq1
    START WITH 1
    INCREMENT BY 1
    NO MINVALUE
    NO MAXVALUE
    CACHE 1;


ALTER SEQUENCE public.achivement_seq1 OWNER TO postgres;

--
-- Name: achivements; Type: TABLE; Schema: public; Owner: postgres
--

CREATE TABLE public.achivements (
    id bigint NOT NULL,
    date character varying(255) NOT NULL,
    description character varying(255) NOT NULL,
    title character varying(255) NOT NULL,
    employee_id bigint
);


ALTER TABLE public.achivements OWNER TO postgres;

--
-- Name: emp_seq; Type: SEQUENCE; Schema: public; Owner: postgres
--

CREATE SEQUENCE public.emp_seq
    START WITH 1
    INCREMENT BY 5
    NO MINVALUE
    NO MAXVALUE
    CACHE 1;


ALTER SEQUENCE public.emp_seq OWNER TO postgres;

--
-- Name: emp_seq2; Type: SEQUENCE; Schema: public; Owner: postgres
--

CREATE SEQUENCE public.emp_seq2
    START WITH 1
    INCREMENT BY 1
    NO MINVALUE
    NO MAXVALUE
    CACHE 1;


ALTER SEQUENCE public.emp_seq2 OWNER TO postgres;

--
-- Name: emp_team_seq; Type: SEQUENCE; Schema: public; Owner: postgres
--

CREATE SEQUENCE public.emp_team_seq
    START WITH 1
    INCREMENT BY 1
    NO MINVALUE
    NO MAXVALUE
    CACHE 1;


ALTER SEQUENCE public.emp_team_seq OWNER TO postgres;

--
-- Name: employee; Type: TABLE; Schema: public; Owner: postgres
--

CREATE TABLE public.employee (
    id bigint NOT NULL,
    email character varying(255),
    name character varying(255),
    phone_number character varying(10)
);


ALTER TABLE public.employee OWNER TO postgres;

--
-- Name: employee_id_seq; Type: SEQUENCE; Schema: public; Owner: postgres
--

ALTER TABLE public.employee ALTER COLUMN id ADD GENERATED BY DEFAULT AS IDENTITY (
    SEQUENCE NAME public.employee_id_seq
    START WITH 1
    INCREMENT BY 1
    NO MINVALUE
    NO MAXVALUE
    CACHE 1
);


--
-- Name: employee_seq2; Type: SEQUENCE; Schema: public; Owner: postgres
--

CREATE SEQUENCE public.employee_seq2
    START WITH 1
    INCREMENT BY 50
    NO MINVALUE
    NO MAXVALUE
    CACHE 1;


ALTER SEQUENCE public.employee_seq2 OWNER TO postgres;

--
-- Name: employee_teams; Type: TABLE; Schema: public; Owner: postgres
--

CREATE TABLE public.employee_teams (
    team_id bigint NOT NULL,
    employee_id bigint NOT NULL
);


ALTER TABLE public.employee_teams OWNER TO postgres;

--
-- Name: team_seq; Type: SEQUENCE; Schema: public; Owner: postgres
--

CREATE SEQUENCE public.team_seq
    START WITH 1
    INCREMENT BY 1
    NO MINVALUE
    NO MAXVALUE
    CACHE 1;


ALTER SEQUENCE public.team_seq OWNER TO postgres;

--
-- Name: team_seq1; Type: SEQUENCE; Schema: public; Owner: postgres
--

CREATE SEQUENCE public.team_seq1
    START WITH 1
    INCREMENT BY 1
    NO MINVALUE
    NO MAXVALUE
    CACHE 1;


ALTER SEQUENCE public.team_seq1 OWNER TO postgres;

--
-- Data for Name: conversation_tickets; Type: TABLE DATA; Schema: ems; Owner: postgres
--

COPY ems.conversation_tickets (id, date, message, sender, ticket_id) FROM stdin;
2	2025-06-01	I can't log in.	EMPLOYEE	1
1	2025-06-02	Resetting your password.	ADMIN	1
4	2025-05-30	VPN is unstable.	EMPLOYEE	2
3	2025-06-01	Checking server logs.	ADMIN	2
6	2025-06-03	Need JDK installed.	EMPLOYEE	3
5	2025-06-03	Installed JDK 17.	ADMIN	3
8	2025-06-02	Emails missing.	EMPLOYEE	4
7	2025-06-02	Investigating the issue.	ADMIN	4
10	2025-05-28	Requesting extra monitor.	EMPLOYEE	5
9	2025-06-01	Sent to manager for approval.	ADMIN	5
12	2025-05-27	Zoom closes automatically.	EMPLOYEE	6
11	2025-05-28	Reinstalled Zoom.	ADMIN	6
14	2025-06-04	Tried different port, still no response.	EMPLOYEE	7
13	2025-06-04	Replaced with a new one.	ADMIN	7
16	2025-06-03	Takes 10 mins to boot.	EMPLOYEE	8
15	2025-06-03	Checking background apps.	ADMIN	8
18	2025-05-25	Jam error on screen.	EMPLOYEE	9
17	2025-05-26	Cleared jam.	ADMIN	9
20	2025-06-01	WiFi disconnects often.	EMPLOYEE	10
19	2025-06-02	Router restart scheduled.	ADMIN	10
21	2025-06-01	WiFi disconnects often.	EMPLOYEE	1
\.


--
-- Data for Name: employee; Type: TABLE DATA; Schema: ems; Owner: postgres
--

COPY ems.employee (id, email, name, phone_number, employee_team_id, department, join_date, password, "position", role, skills, version) FROM stdin;
2	leo12@example.com	Leo Fox	9876543221	\N	IT	2023-09-01	pass123	Member	DevOps	{Azure,Jenkins}	0
3	mia13@example.com	Mia Rose	9876543222	\N	QA	2023-09-12	pass123	Member	Tester	{TestNG,Mocha}	0
4	nate14@example.com	Nate Hill	9876543223	\N	Engineering	2023-10-03	pass123	Member	Developer	{Go,Rust}	0
5	olivia15@example.com	Olivia Wood	9876543224	\N	UI/UX	2023-10-20	pass123	Member	Designer	{Canva,InDesign}	0
6	paul16@example.com	Paul Adams	9876543225	\N	Engineering	2023-11-05	pass123	Team Lead	Developer	{PHP,Laravel}	0
7	quincy17@example.com	Quincy Lane	9876543226	\N	IT	2023-11-15	pass123	Member	DevOps	{Shell,Linux}	0
8	rachel18@example.com	Rachel Page	9876543227	\N	QA	2023-12-01	pass123	Member	Tester	{Jest,QUnit}	0
9	steve19@example.com	Steve Nash	9876543228	\N	Engineering	2023-12-15	pass123	Member	Developer	{Ruby,Rails}	0
10	tina20@example.com	Tina Ray	9876543229	\N	UI/UX	2024-01-10	pass123	Member	Designer	{CorelDRAW,Blender}	0
52	koti@example.com	koti koti	6300727875	\N	Engineering	2023-08-15	pass123	Team Lead	Developer	{Java,python}	0
1	kara11@example.com	chinnolla koteshwar	9876543220	\N	Engineering	2023-08-15	pass123	Team Lead	Developer	{Java,Spring}	1
\.


--
-- Data for Name: employee_team; Type: TABLE DATA; Schema: ems; Owner: postgres
--

COPY ems.employee_team (team_id, team_name, team_description) FROM stdin;
1	AI Innovators	Experts in machine learning and data analysis.
2	Blockchain Builders	Building secure and scalable blockchain solutions.
3	Vision Pioneers	Innovators in computer vision and image processing.
4	Cloud Titans	Experts in cloud architecture and scalability.
5	Robotics Force	Specialists in automation and embedded systems.
6	Development Team	Responsible for software development
7	Project Alpha	A new project to develop a web application
\.


--
-- Data for Name: employeeid_teamsid; Type: TABLE DATA; Schema: ems; Owner: postgres
--

COPY ems.employeeid_teamsid (team_id, employee_id) FROM stdin;
1	1
4	1
5	1
1	2
3	2
5	2
1	3
4	3
1	4
3	4
1	5
4	5
5	5
2	6
3	6
2	7
4	7
2	8
3	8
2	9
4	9
5	9
2	10
3	10
5	10
1	52
2	52
3	52
\.


--
-- Data for Name: projects; Type: TABLE DATA; Schema: ems; Owner: postgres
--

COPY ems.projects (id, budget, client_address, client_contact, client_email, client_name, client_website, project_description, end_date, project_name, project_manager, status, team_id) FROM stdin;
17	27000	18 Supply Lane, Sydney, Australia	+61-400-333-222	ops@quickfleet.com.au	QuickFleet Logistics	https://quickfleet.com.au	Optimize delivery routes using Dijkstra and A* algorithms for faster shipments.	2025-04-10	Logistics Route Optimizer	2024-12-05	Completed	1
14	40000	89 Wellness Ave, London, UK	+44-7700-900123	info@greenhealth.org	GreenHealth Hospitals	https://greenhealth.org	Develop a cloud-based solution for managing patient records, appointments, and billing.	2025-03-30	Hospital Management System	2024-11-01	Completed	2
20	35000	Berlin Innovation Park, Germany	+49-170-1234567	contact@agrotech.de	AgroTech Labs	https://agrotech.de	IoT-based system for real-time monitoring of soil, moisture, and weather.	2025-06-30	Smart Farming Dashboard	2025-02-01	In Progress	2
15	18000	12 Silicon Blvd, San Jose, CA	+1-303-555-2190	support@hometech.io	HomeTech Ltd.	https://hometech.io	Design and implement smart automation for lighting and appliances.	2025-06-01	Smart Home IoT Integration	2025-02-15	Planning	3
13	25000	123 Commerce Street, New York, NY	+1-555-9021	contact@shopmate.com	ShopMate Inc.	https://www.shopmate.com	Revamp the existing frontend and backend for a modern e-commerce platform.	2025-05-20	E-Commerce Website Redesign	2025-01-10	In Progress	1
22	22000	Banerghatta Road, Bangalore, India	+91-9876543210	sales@datacore.in	DataCore Pvt Ltd.	https://datacore.in	Connect internal ERP system with Salesforce for unified customer data.	2025-05-01	CRM Integration with Salesforce	2025-01-05	In Progress	3
16	32000	Sector 42, Gurugram, India	+91-9988776655	ai.services@novabank.in	NovaBank	https://novabank.in	Create a natural language chatbot for customer service using AWS Bedrock.	2025-07-30	AI Chatbot Development	2025-03-01	In Progress	4
21	60000	700 Liberty Ave, Washington D.C.	+1-555-1414	blockchain@civictech.org	CivicTech Foundation	https://civictech.org	Secure and transparent voting system using blockchain technology.	2025-08-01	Blockchain Voting System	2025-03-10	Planning	4
18	50000	25 Knowledge Road, Austin, TX	+1-555-3344	admin@learnsphere.com	LearnSphere Pvt Ltd.	https://learnsphere.com	Build a secure LMS with course tracking, video streaming, and exams.	2025-06-15	Online Education Portal	2025-01-20	In Progress	5
19	45000	Minato-ku, Tokyo, Japan	+81-45-123-4567	projects@payzen.jp	PayZen Technologies	https://payzen.jp	Integrate UPI and card payments with fraud detection mechanisms.	2025-02-25	Digital Payment Gateway	2024-10-15	Completed	5
23	100000	123 Tech Street, Silicon Valley	+1-555-1234	example@gmail.com	Tech Solutions Inc.	www.techsolutions.com	A new project to develop a web application	2023-12-31	Project Alpha	2023-01-01	In Progress	6
\.


--
-- Data for Name: registration; Type: TABLE DATA; Schema: ems; Owner: postgres
--

COPY ems.registration (id, password, role, username) FROM stdin;
1	$2a$10$O6FzpIv.FaWotXjpAitTsOjMDSeIcYFZ.ZseCVnkNsC0iQoGVzNLG	employee	koteshwar
2	$2a$10$stTb.tQ3VUprvyfKpUg89OD2ikfpuDgz.DFGkULPoEIqLmdB/fB16	employee	padmakar
3	$2a$10$XT74C8ooeVrsTayi7kbw3Oi2Kxus7xRigVj3ZiicnRIvUlnfPNDwa	employee	alice_johnson
4	$2a$10$TvaIQZhawBCbQhLgowyexOrt1YOr.VZIRGMu7fKee2DlFW1xhFW5C	employee	bob_smith
5	$2a$10$75d/TcDTahML2MM.qxFTseog/i9oT4jhozHCglgOSxoePxDBojIl6	employee	charlie_lee
6	$2a$10$gUQw/097f71mDTfqNcbEi.t3qXo0ocWeL85JV9w2xON.dppq1d28m	employee	david_kim
7	$2a$10$0DWJjZfxO1RKnW4d0HOZIuJ2XNbJ5/p6ZRieF3kF6ny1jOrr7emdm	employee	eva_green
8	$2a$10$ePZ73s/uJS8KXfDdP9vPVeQfdWVk7lq1kB7IXjGSiKl7AFWYvWHJe	employee	frank_wright
9	$2a$10$pfbb4Le27OfHyoD46/RkVOaWCGEtohBvhqejTwJItjoL3mIPiFPIS	employee	grace_park
10	$2a$10$.VuD5UTZSkqCAhPAFjmf3uzeFgXBJh9p9jin1eRvX6GRGwknoNlP2	employee	hank_miller
11	$2a$10$44.VVV3AvmpMAfbVEK1d2u4/y8S7BQO4oT.mVVVIrp5f7K881Hvie	employee	ivy_brown
12	$2a$10$cHWwIYqXSXAl2qyTV95CbOMC7GtGl5nYBYWVMZU8WmXEj1CPYqZdK	employee	jake_white
13	$2a$10$nXnaVgZHXn9JsUtrZC4TwOeIJi.1YahxIQKmRlody8Q1fXtJRmXRm	employee	kara_stone
14	$2a$10$9nhON5fg5TFnV0kHiyGUbeGMOWiGMRw6YBugHxa6dXcwgRDlyzaKK	employee	leo_fox
15	$2a$10$ZK/KB2Mg8xrgMUsFOP0khOHUH4eVASZ0jq4wHhflT0vm9JvGRXo.G	employee	mia_rose
16	$2a$10$p2M1uq3bbBl5F48VpqIzwurUw5LoQuUwEGJA7xCuCepjo1F.GM9xO	employee	nate_hill
17	$2a$10$yoFFX1mPZBDU4PlciBuukeIvKiWf4OLXLfn4cuZzbWELP3jpG93h6	employee	olivia_wood
18	$2a$10$/QTPopoGgyGtg9yGIRyOJO5Nz/1PFNUDgaXPkC7R9V9vWsWEtrphi	employee	paul_adams
19	$2a$10$ahf7sD3zRJ83yYzKdhqRWO85EmoRjO8w/h9XDKsIjvBixZoSY2XDy	employee	quincy_lane
20	$2a$10$0Jn6K3VobP50lkLkGue/ku3EfCyNYAM/2BkOpiHwlVXUz6rlp.ZjW	employee	rachel_page
21	$2a$10$TqZOBeDJ9AozFX2jDAS3xerni8EIxmSfWw2sgSmPhS19A3YzTLvS.	employee	steve_nash
22	$2a$10$elI.3nbqGCumNHMRYnw6Hu0d7suYpRaEpQrc91tIo58o5LK/abJWu	employee	tina_ray
23	$2a$10$L5qSqkQa6sov2gcSoL6FxOHhup0dfolP67wLctussD1NAE99M388a	employee	uma_grant
24	$2a$10$7Tuk6G.jB4mhzSuP.sFI0uuTFrU5Hk80zYXiJ1Cl2SP3BCSx70.Xm	employee	victor_blue
25	$2a$10$7R0t5Lo6N8gfG1S7IzE3FefNBwuGzHP3hI0o0Oqc98NJB1R.XG/ti	employee	wendy_moore
26	$2a$10$9fBId69a8i2cAL/mbYBHs.k3poWAZjxFIB8ekrd88T1i0LOU0MsjW	employee	xander_knight
27	$2a$10$BdPtozf3WVVMnD4Y/KtO1uX0Jz1vow4gw.qPf3Ksb6XtAtGZnulSy	employee	yara_snow
\.


--
-- Data for Name: tickets; Type: TABLE DATA; Schema: ems; Owner: postgres
--

COPY ems.tickets (id, date_updated, date_created, ticket_description, ticket_name, ticket_status, employee_id) FROM stdin;
1	2025-06-02	2025-06-01	Can't access internal portal.	Access Issue	Open	1
2	2025-06-01	2025-05-30	VPN disconnects frequently.	VPN Problem	In Progress	1
3	2025-06-03	2025-06-03	Need JDK setup.	Software Install	Resolved	2
4	2025-06-02	2025-06-02	Emails not syncing.	Outlook Sync	Open	2
5	2025-06-01	2025-05-28	Need second monitor.	New Monitor	Pending Approval	3
6	2025-05-28	2025-05-27	Zoom crashes on join.	Zoom Error	Resolved	3
7	2025-06-04	2025-06-04	Mouse not detected.	Mouse Not Working	Resolved	4
8	2025-06-03	2025-06-03	Lag during startup.	System Slow	Open	4
9	2025-05-26	2025-05-25	Printer stuck while printing.	Printer Jam	Closed	5
10	2025-06-02	2025-06-01	Intermittent connection.	WiFi Issue	In Progress	5
\.


--
-- Data for Name: achivements; Type: TABLE DATA; Schema: public; Owner: postgres
--

COPY public.achivements (id, date, description, title, employee_id) FROM stdin;
1	2024-03-30	Awarded for outstanding performance in Q1.	Best Performer	1
2	2024-04-10	Consistent teamwork and collaboration.	Team Player	1
3	2024-05-05	Innovative solutions on client project.	Top Innovator	1
4	2024-05-10	Recognized for creative product feature.	Innovation Award	2
5	2024-02-12	Won internal coding competition.	Coding Champion	2
6	2024-05-30	Optimized deployment pipeline.	Process Improver	2
7	2024-01-15	Outstanding leadership on release cycle.	Leadership Excellence	3
8	2024-04-18	Exceptional mentorship to new hires.	Mentor of the Month	3
9	2024-03-14	Volunteered during tight deadlines.	Going Extra Mile	3
10	2024-02-18	Praised by client for support.	Customer Hero	4
11	2024-05-02	Resolved critical production bug.	Bug Slayer	4
12	2024-03-26	Picked up new tech stack swiftly.	Fast Learner	4
13	2024-03-12	Led internal learning sessions.	Knowledge Sharing	5
14	2024-04-22	Designed intuitive user interfaces.	UI/UX Expert	5
15	2024-05-11	Guided interns through onboarding.	Best Intern Mentor	5
16	2024-03-08	Consistent high performance.	Spotlight Award	6
17	2024-04-15	Managed critical support escalations.	Support Hero	6
18	2024-02-28	Led cross-team initiatives.	Collaboration Star	6
19	2024-03-25	Solved complex system issue.	Critical Thinker	7
20	2024-05-28	Won company hackathon event.	Hackathon Winner	7
21	2024-01-20	Coordinated tech events.	Event Organizer	7
22	2024-03-18	Suggested a smart workaround.	Smart Thinker	8
23	2024-05-09	Automated regression tests.	Automation Pro	8
24	2024-04-01	No leave in entire quarter.	Perfect Attendance	8
25	2024-01-18	Noteworthy early contribution.	Young Achiever	9
26	2024-04-19	Involved in CSR activities.	Community Star	9
27	2024-04-20	Unblocked team on integration.	Problem Solver	9
28	2024-01-29	Resolved high-priority tickets.	Technical Expert	10
29	2024-05-21	Exceptional ownership during release.	Outstanding Contribution	10
30	2024-02-01	Always available and dependable.	Reliability Award	10
\.


--
-- Data for Name: employee; Type: TABLE DATA; Schema: public; Owner: postgres
--

COPY public.employee (id, email, name, phone_number) FROM stdin;
3	ch@123	koti	123
4	ch@1234	koti2	1234
2	ch@1	koti	1
7	ch@12345	koti	1234567891
8	ch@12342	koti	1234567892
\.


--
-- Data for Name: employee_teams; Type: TABLE DATA; Schema: public; Owner: postgres
--

COPY public.employee_teams (team_id, employee_id) FROM stdin;
\.


--
-- Name: conversation_tickets_id_seq; Type: SEQUENCE SET; Schema: ems; Owner: postgres
--

SELECT pg_catalog.setval('ems.conversation_tickets_id_seq', 21, true);


--
-- Name: projects_id_seq; Type: SEQUENCE SET; Schema: ems; Owner: postgres
--

SELECT pg_catalog.setval('ems.projects_id_seq', 23, true);


--
-- Name: registration_id_seq; Type: SEQUENCE SET; Schema: ems; Owner: postgres
--

SELECT pg_catalog.setval('ems.registration_id_seq', 27, true);


--
-- Name: tickets_id_seq; Type: SEQUENCE SET; Schema: ems; Owner: postgres
--

SELECT pg_catalog.setval('ems.tickets_id_seq', 10, true);


--
-- Name: achivement_seq; Type: SEQUENCE SET; Schema: public; Owner: postgres
--

SELECT pg_catalog.setval('public.achivement_seq', 32, true);


--
-- Name: achivement_seq1; Type: SEQUENCE SET; Schema: public; Owner: postgres
--

SELECT pg_catalog.setval('public.achivement_seq1', 30, true);


--
-- Name: emp_seq; Type: SEQUENCE SET; Schema: public; Owner: postgres
--

SELECT pg_catalog.setval('public.emp_seq', 111, true);


--
-- Name: emp_seq2; Type: SEQUENCE SET; Schema: public; Owner: postgres
--

SELECT pg_catalog.setval('public.emp_seq2', 36, true);


--
-- Name: emp_team_seq; Type: SEQUENCE SET; Schema: public; Owner: postgres
--

SELECT pg_catalog.setval('public.emp_team_seq', 5, true);


--
-- Name: employee_id_seq; Type: SEQUENCE SET; Schema: public; Owner: postgres
--

SELECT pg_catalog.setval('public.employee_id_seq', 4, true);


--
-- Name: employee_seq2; Type: SEQUENCE SET; Schema: public; Owner: postgres
--

SELECT pg_catalog.setval('public.employee_seq2', 101, true);


--
-- Name: team_seq; Type: SEQUENCE SET; Schema: public; Owner: postgres
--

SELECT pg_catalog.setval('public.team_seq', 18, true);


--
-- Name: team_seq1; Type: SEQUENCE SET; Schema: public; Owner: postgres
--

SELECT pg_catalog.setval('public.team_seq1', 7, true);


--
-- Name: conversation_tickets conversation_tickets_pkey; Type: CONSTRAINT; Schema: ems; Owner: postgres
--

ALTER TABLE ONLY ems.conversation_tickets
    ADD CONSTRAINT conversation_tickets_pkey PRIMARY KEY (id);


--
-- Name: employee employee_pkey; Type: CONSTRAINT; Schema: ems; Owner: postgres
--

ALTER TABLE ONLY ems.employee
    ADD CONSTRAINT employee_pkey PRIMARY KEY (id);


--
-- Name: employee_team employee_team_pkey; Type: CONSTRAINT; Schema: ems; Owner: postgres
--

ALTER TABLE ONLY ems.employee_team
    ADD CONSTRAINT employee_team_pkey PRIMARY KEY (team_id);


--
-- Name: projects projects_pkey; Type: CONSTRAINT; Schema: ems; Owner: postgres
--

ALTER TABLE ONLY ems.projects
    ADD CONSTRAINT projects_pkey PRIMARY KEY (id);


--
-- Name: registration registration_pkey; Type: CONSTRAINT; Schema: ems; Owner: postgres
--

ALTER TABLE ONLY ems.registration
    ADD CONSTRAINT registration_pkey PRIMARY KEY (id);


--
-- Name: tickets tickets_pkey; Type: CONSTRAINT; Schema: ems; Owner: postgres
--

ALTER TABLE ONLY ems.tickets
    ADD CONSTRAINT tickets_pkey PRIMARY KEY (id);


--
-- Name: employee ukbh8qbhaw9f2nwmr8f5m80vwox; Type: CONSTRAINT; Schema: ems; Owner: postgres
--

ALTER TABLE ONLY ems.employee
    ADD CONSTRAINT ukbh8qbhaw9f2nwmr8f5m80vwox UNIQUE (phone_number, email);


--
-- Name: employee ukif2qx9bhvigig71puh5sow65g; Type: CONSTRAINT; Schema: ems; Owner: postgres
--

ALTER TABLE ONLY ems.employee
    ADD CONSTRAINT ukif2qx9bhvigig71puh5sow65g UNIQUE (phone_number);


--
-- Name: achivements achivements_pkey; Type: CONSTRAINT; Schema: public; Owner: postgres
--

ALTER TABLE ONLY public.achivements
    ADD CONSTRAINT achivements_pkey PRIMARY KEY (id);


--
-- Name: employee employee_pkey; Type: CONSTRAINT; Schema: public; Owner: postgres
--

ALTER TABLE ONLY public.employee
    ADD CONSTRAINT employee_pkey PRIMARY KEY (id);


--
-- Name: employee ukbh8qbhaw9f2nwmr8f5m80vwox; Type: CONSTRAINT; Schema: public; Owner: postgres
--

ALTER TABLE ONLY public.employee
    ADD CONSTRAINT ukbh8qbhaw9f2nwmr8f5m80vwox UNIQUE (phone_number, email);


--
-- Name: employee_name; Type: INDEX; Schema: ems; Owner: postgres
--

CREATE INDEX employee_name ON ems.employee USING btree (name);


--
-- Name: employee_phone_number_email; Type: INDEX; Schema: ems; Owner: postgres
--

CREATE INDEX employee_phone_number_email ON ems.employee USING btree (phone_number, email);


--
-- Name: employee_name; Type: INDEX; Schema: public; Owner: postgres
--

CREATE INDEX employee_name ON public.employee USING btree (name);


--
-- Name: employee_phone_number_email; Type: INDEX; Schema: public; Owner: postgres
--

CREATE INDEX employee_phone_number_email ON public.employee USING btree (phone_number, email);


--
-- Name: conversation_tickets fkba3adpugg7qvy1e0sm94y8c1; Type: FK CONSTRAINT; Schema: ems; Owner: postgres
--

ALTER TABLE ONLY ems.conversation_tickets
    ADD CONSTRAINT fkba3adpugg7qvy1e0sm94y8c1 FOREIGN KEY (ticket_id) REFERENCES ems.tickets(id);


--
-- Name: tickets fkf8ty7c4jyvhrfnbktmlx2bgrs; Type: FK CONSTRAINT; Schema: ems; Owner: postgres
--

ALTER TABLE ONLY ems.tickets
    ADD CONSTRAINT fkf8ty7c4jyvhrfnbktmlx2bgrs FOREIGN KEY (employee_id) REFERENCES ems.employee(id);


--
-- Name: employeeid_teamsid fkhe3540y4vdecfd6038rx0fqu8; Type: FK CONSTRAINT; Schema: ems; Owner: postgres
--

ALTER TABLE ONLY ems.employeeid_teamsid
    ADD CONSTRAINT fkhe3540y4vdecfd6038rx0fqu8 FOREIGN KEY (team_id) REFERENCES ems.employee_team(team_id);


--
-- Name: employee fkk0ybacsiwqwjbxgcbe5fhmixj; Type: FK CONSTRAINT; Schema: ems; Owner: postgres
--

ALTER TABLE ONLY ems.employee
    ADD CONSTRAINT fkk0ybacsiwqwjbxgcbe5fhmixj FOREIGN KEY (employee_team_id) REFERENCES ems.employee_team(team_id);


--
-- Name: projects fkr89p0lm90jwynoacbdg31co0i; Type: FK CONSTRAINT; Schema: ems; Owner: postgres
--

ALTER TABLE ONLY ems.projects
    ADD CONSTRAINT fkr89p0lm90jwynoacbdg31co0i FOREIGN KEY (team_id) REFERENCES ems.employee_team(team_id);


--
-- Name: employeeid_teamsid fkst5alwfpejjpkmn3fetddi0xd; Type: FK CONSTRAINT; Schema: ems; Owner: postgres
--

ALTER TABLE ONLY ems.employeeid_teamsid
    ADD CONSTRAINT fkst5alwfpejjpkmn3fetddi0xd FOREIGN KEY (employee_id) REFERENCES ems.employee(id);


--
-- Name: employee_teams fk22drqg9haiym8307cubkta5xw; Type: FK CONSTRAINT; Schema: public; Owner: postgres
--

ALTER TABLE ONLY public.employee_teams
    ADD CONSTRAINT fk22drqg9haiym8307cubkta5xw FOREIGN KEY (team_id) REFERENCES ems.employee_team(team_id);


--
-- Name: achivements fkku4rw81tk4radslj8360dxmlv; Type: FK CONSTRAINT; Schema: public; Owner: postgres
--

ALTER TABLE ONLY public.achivements
    ADD CONSTRAINT fkku4rw81tk4radslj8360dxmlv FOREIGN KEY (employee_id) REFERENCES ems.employee(id);


--
-- Name: employee_teams fks5ktiaqgq2dmuhmedsyi0y2xl; Type: FK CONSTRAINT; Schema: public; Owner: postgres
--

ALTER TABLE ONLY public.employee_teams
    ADD CONSTRAINT fks5ktiaqgq2dmuhmedsyi0y2xl FOREIGN KEY (employee_id) REFERENCES ems.employee(id);


--
-- PostgreSQL database dump complete
--

